店名,評価,レビュー数,ブックマーク数,代表味分類,住所,市町村,URL
トラの夢,3.54,299,9014,豚骨,大分県大分市森633-5,大分市,https://tabelog.com/oita/A4401/A440101/44003515/
ラーメン五九〇 別府鶴見店,3.13,27,172,豚骨,大分県別府市南立石1区5組3,別府市,https://tabelog.com/oita/A4402/A440202/44008099/
元祖辛麺屋 桝元 大分南店,3.03,31,421,醤油,大分県大分市大字光吉字池田1167,大分市,https://tabelog.com/oita/A4401/A440101/44009223/
味噌の達人 光吉店,3.08,16,98,味噌,大分県大分市宮崎832-1,大分市,https://tabelog.com/oita/A4401/A440101/44012700/
天龍軒,3.22,48,825,不明,大分県大分市都町3丁目6番6号ENDOﾋﾞﾙ111,大分市,https://tabelog.com/oita/A4401/A440101/44006159/
中華さと,3.43,90,2125,激辛,大分県日田市元町13-201F,日田市,https://tabelog.com/oita/A4404/A440403/44000407/
厳竜軒,3.17,22,358,豚骨,大分県大分市舞鶴町1-3-17,大分市,https://tabelog.com/oita/A4401/A440101/44001446/
鶏冠,3.27,66,1055,油そば・まぜそば,大分県大分市都町2-2-26opus miyako2 101,大分市,https://tabelog.com/oita/A4401/A440101/44008420/
天津,3.08,16,307,豚骨,大分県佐伯市大手町3-2-15,佐伯市,https://tabelog.com/oita/A4401/A440105/44001492/
十五万石 日出店,3.04,10,84,豚骨,大分県速見郡日出町川崎26-1,速見郡日出町,https://tabelog.com/oita/A4403/A440301/44008340/
中華料理 祥瑞,3.07,11,106,豚骨,大分県宇佐市石田202-4,宇佐市,https://tabelog.com/oita/A4404/A440402/44011318/
求福軒,3.16,42,636,豚骨,大分県日田市南元町420-3,日田市,https://tabelog.com/oita/A4404/A440403/44001486/
大分ラーメン十八番 本店,3.21,34,447,魚介,大分県大分市原新町16-312,大分市,https://tabelog.com/oita/A4401/A440101/44013563/
ラーメンとん太 大道店,3.05,58,295,味噌,大分県大分市大道町1-2200-1,大分市,https://tabelog.com/oita/A4401/A440101/44006913/
なかつ宝来軒 別府店,3.26,67,916,豚骨,大分県別府市南的ヶ浜町5-19,別府市,https://tabelog.com/oita/A4402/A440202/44003710/
函館ラーメン藍,3.23,45,547,味噌,大分県大分市青崎2-121,大分市,https://tabelog.com/oita/A4401/A440101/44005319/
翔天食堂,3.12,32,500,豚骨,大分県中津市大貞371-49松喜第二ビル 1F,中津市,https://tabelog.com/oita/A4404/A440401/44010039/
竹田の中華そば こっとん,3.25,61,1452,中華そば,大分県竹田市入田石原19,竹田市,https://tabelog.com/oita/A4401/A440102/44006731/
しゅうちゃんラーメン,3.41,91,1790,豚骨,大分県中津市大字犬丸2107-2,中津市,https://tabelog.com/oita/A4404/A440401/44007697/
暘谷亭,3.25,31,365,豚骨,大分県速見郡日出町3480-1,速見郡日出町,https://tabelog.com/oita/A4403/A440301/44008151/
まる中,3.22,47,725,つけ麺,大分県大分市毛井7-1,大分市,https://tabelog.com/oita/A4401/A440101/44010260/
京都しもがも担々麺 賢魂一滴,3.06,12,193,担々麺,大分県中津市豊田町11-10久保ビル 1F,中津市,https://tabelog.com/oita/A4404/A440401/44009499/
自家製麺めぬま,3.19,24,370,つけ麺,大分県大分市高城新町3-22キリムラビル,大分市,https://tabelog.com/oita/A4401/A440101/44013899/
田舎食改革第1弾 嗚呼 隼 本店,3.20,39,574,豚骨,大分県竹田市直入町大字長湯7952-3,竹田市,https://tabelog.com/oita/A4401/A440102/44000953/
ラーメン浅野 3号,3.34,74,860,二郎系,大分県大分市中央町1-4-22大分マート,大分市,https://tabelog.com/oita/A4401/A440101/44010339/
ラーメンとん太 南大分店,3.01,15,96,味噌,大分県大分市賀来北2-16-5,大分市,https://tabelog.com/oita/A4401/A440101/44003770/
らぁ麺 牛ごろ極,3.45,179,3991,味噌,大分県大分市中央町1-4-22大分マート,大分市,https://tabelog.com/oita/A4401/A440101/44007957/
日輪食堂,3.05,14,198,豚骨,大分県由布市庄内町西1022-1,由布市,https://tabelog.com/oita/A4402/A440201/44008446/
長浜ラーメン 三川店,3.03,13,63,塩,大分県大分市三川新町2-3-10,大分市,https://tabelog.com/oita/A4401/A440101/44006222/
丸源ラーメン 南大分店,3.05,39,182,味噌,大分県大分市羽屋4-1-63,大分市,https://tabelog.com/oita/A4401/A440101/44012499/
鳳春軒,3.17,14,323,不明,大分県大分市曲1112-1,大分市,https://tabelog.com/oita/A4401/A440101/44009604/
太一商店 宗方店,3.06,22,227,二郎系,大分県大分市上宗方636-1,大分市,https://tabelog.com/oita/A4401/A440101/44012068/
菊の屋 新春日店,3.18,40,439,豚骨,大分県大分市新春日町2-3-9,大分市,https://tabelog.com/oita/A4401/A440101/44004326/
中華麺食堂 味楽亭 古国府店,3.08,18,138,担々麺,大分県大分市古国府385,大分市,https://tabelog.com/oita/A4401/A440101/44007551/
柳華園,3.14,12,155,担々麺,大分県中津市上宮永10-3,中津市,https://tabelog.com/oita/A4404/A440401/44001159/
きりん亭,3.30,72,1786,不明,大分県別府市餅ケ浜10-45,別府市,https://tabelog.com/oita/A4402/A440202/44000035/
大学軒,3.21,45,784,不明,大分県日田市田島1-2-1,日田市,https://tabelog.com/oita/A4404/A440403/44000626/
大陸ラーメン,3.29,168,2280,豚骨,大分県別府市北浜1-10-21,別府市,https://tabelog.com/oita/A4402/A440202/44003958/
桝元 大分本店,3.04,68,1431,不明,大分県大分市松原町1-3-2,大分市,https://tabelog.com/oita/A4401/A440101/44007479/
麺's倶楽部 麺玄,3.08,19,229,豚骨,大分県別府市小倉4-1,別府市,https://tabelog.com/oita/A4402/A440202/44005593/
熊本ラーメン わさもん亭,3.11,33,500,豚骨,大分県大分市中央町3-3-8,大分市,https://tabelog.com/oita/A4401/A440101/44001434/
宝来軒 万田店,3.07,26,220,豚骨,大分県中津市大字万田612,中津市,https://tabelog.com/oita/A4404/A440401/44000726/
別府辛麺本舗,3.07,17,154,塩,大分県別府市北浜1-3-21,別府市,https://tabelog.com/oita/A4402/A440202/44011674/
横浜家系ラーメン 高崎家,3.25,48,261,家系,大分県大分市中央町1-4-19,大分市,https://tabelog.com/oita/A4401/A440101/44012966/
二代目ラーメンカヨ,3.32,37,2437,豚骨,大分県佐伯市蒲江畑野浦117-2,佐伯市,https://tabelog.com/oita/A4401/A440105/44011918/
らーめん 常々,3.23,34,413,豚骨,大分県大分市府内町2-5-3,大分市,https://tabelog.com/oita/A4401/A440101/44011479/
立石山ドライブイン,3.12,15,394,味噌,大分県杵築市山香町立石3732,杵築市,https://tabelog.com/oita/A4404/A440402/44006996/
ラーメンみそや,3.17,30,365,味噌,大分県別府市石垣西10-1-28,別府市,https://tabelog.com/oita/A4402/A440202/44005849/
陽一番亭,3.11,21,203,豚骨,大分県大分市高松1-8-41,大分市,https://tabelog.com/oita/A4401/A440101/44009953/
七味らーめん,3.12,14,127,激辛,大分県別府市北浜1-9-19北浜ナイトセンター 1F,別府市,https://tabelog.com/oita/A4402/A440202/44013645/
尾道らぁ麺 尾麺,3.12,14,151,醤油,大分県大分市都町2-5-13白銀ビル1F,大分市,https://tabelog.com/oita/A4401/A440101/44013122/
魚介豚骨らーめん 刻,3.23,35,338,魚介,大分県中津市島田617-1,中津市,https://tabelog.com/oita/A4404/A440401/44012490/
宝来軒 バイパス店,3.25,84,814,豚骨,大分県中津市大字加来1548-1,中津市,https://tabelog.com/oita/A4404/A440401/44004537/
聖,3.05,12,224,豚骨,大分県佐伯市駅前2-7-10ビジネスホテル鶴水 1F,佐伯市,https://tabelog.com/oita/A4401/A440105/44007515/
東京らーめん食堂,3.08,30,312,醤油,大分県中津市大字上如水1853,中津市,https://tabelog.com/oita/A4404/A440401/44006036/
博多ラーメン勝福 日田店,3.04,13,96,味噌,大分県日田市大字友田988,日田市,https://tabelog.com/oita/A4404/A440403/44005627/
ラーメンひまわり,3.11,20,163,豚骨,大分県大分市津守29,大分市,https://tabelog.com/oita/A4401/A440101/44012177/
壱丁目ラーメン 本店,3.28,100,1253,豚骨,大分県別府市北浜1-3-31,別府市,https://tabelog.com/oita/A4402/A440202/44003775/
久留米ラーメン 別府駅前店,3.34,58,957,豚骨,大分県別府市北浜1-10-9,別府市,https://tabelog.com/oita/A4402/A440202/44008776/
ラーメンバリ豚,3.10,19,146,豚骨,大分県大分市角子原1-11-22,大分市,https://tabelog.com/oita/A4401/A440101/44013197/
中華蕎麦 はせ川,3.41,61,1746,醤油,大分県別府市駅前本町6-11アトリオBeppu1F,別府市,https://tabelog.com/oita/A4402/A440202/44012894/
大砲ラーメン 大分店,3.06,57,1026,豚骨,大分県大分市下郡七歩1716-3,大分市,https://tabelog.com/oita/A4401/A440101/44003434/
中華そば さこや,3.33,51,627,醤油,大分県大分市中央町3-6-29布屋ビル 別館 1F,大分市,https://tabelog.com/oita/A4401/A440101/44013138/
和風ラーメン どん,3.01,10,71,塩,大分県宇佐市葛原761-1,宇佐市,https://tabelog.com/oita/A4404/A440402/44002502/
キクノヤ★ロック 別府店,3.27,61,736,豚骨,大分県別府市鉄輪東2-2,別府市,https://tabelog.com/oita/A4402/A440202/44005317/
森のくまさんラーメン,3.07,20,155,豚骨,大分県大分市大在北3-2-4,大分市,https://tabelog.com/oita/A4401/A440101/44001431/
壱丁目ラーメン 中央竹町店,3.26,41,222,豚骨,大分県大分市中央町2-8-6,大分市,https://tabelog.com/oita/A4401/A440101/44013632/
別府中華そば 熊猫,3.35,59,791,中華そば,大分県別府市駅前町6-11,別府市,https://tabelog.com/oita/A4402/A440202/44012816/
二代目十五万石 戸次店,3.20,40,295,豚骨,大分県大分市中戸次5129-1,大分市,https://tabelog.com/oita/A4401/A440101/44006732/
ラーメン亀甲,3.06,10,196,味噌,大分県佐伯市大字木立築良田6485-5,佐伯市,https://tabelog.com/oita/A4401/A440105/44005173/
朝ラーメン らいおん食堂,3.05,12,97,豚骨,大分県大分市向原西1-1-27大分県トラック会館 1F,大分市,https://tabelog.com/oita/A4401/A440101/44013897/
ラーメン亭一番,3.41,109,1392,豚骨,大分県大分市都町3-4-5,大分市,https://tabelog.com/oita/A4401/A440101/44001441/
杵築ラーメン 清新亭本店,3.06,20,198,豚骨,大分県杵築市守江4780-52,杵築市,https://tabelog.com/oita/A4403/A440301/44000618/
福助,3.12,47,1526,鶏白湯,大分県由布市湯布院町川上3052-3,由布市,https://tabelog.com/oita/A4402/A440201/44004857/
点法輪,3.19,27,303,豚骨,大分県大分市高松東2-7-20尾形ビル 1F,大分市,https://tabelog.com/oita/A4401/A440101/44011934/
麺家うえの,3.09,25,219,豚骨,大分県別府市東荘園4丁目1,別府市,https://tabelog.com/oita/A4402/A440202/44005801/
お茶や食堂,3.23,17,201,塩,大分県玖珠郡九重町町田1877,玖珠郡九重町,https://tabelog.com/oita/A4404/A440404/44002845/
来々軒,3.42,107,2136,豚骨,大分県日田市三本松1-13-24,日田市,https://tabelog.com/oita/A4404/A440403/44001165/
博多金龍 中津店,3.01,14,102,豚骨,大分県中津市沖代町1-281-1,中津市,https://tabelog.com/oita/A4404/A440401/44005837/
万来,3.11,23,196,豚骨,大分県速見郡日出町3140,速見郡日出町,https://tabelog.com/oita/A4403/A440301/44001523/
めし屋 賛辞,3.23,52,1181,つけ麺,大分県由布市庄内町大龍1474-1,由布市,https://tabelog.com/oita/A4402/A440201/44009722/
みゆき食堂,3.08,19,432,味噌,大分県別府市御幸2,別府市,https://tabelog.com/oita/A4402/A440202/44002967/
十五万石 花園店,3.06,13,100,豚骨,大分県大分市大字古国府花園11-1,大分市,https://tabelog.com/oita/A4401/A440101/44007671/
みくま飯店,3.48,351,9729,豚骨,大分県日田市隈1-5-21,日田市,https://tabelog.com/oita/A4404/A440403/44000522/
ラーメン 侍 湯布院店,3.07,14,119,豚骨,大分県由布市湯布院町川上3056-1,由布市,https://tabelog.com/oita/A4402/A440201/44012475/
ふくやラーメン工房 アミュプラザおおいた店,3.44,108,660,豚骨,大分県大分市要町1-40豊後にわさき市場,大分市,https://tabelog.com/oita/A4401/A440101/44013206/
一刀竜,3.25,62,806,豚骨,大分県別府市餅ヶ浜1-15,別府市,https://tabelog.com/oita/A4402/A440202/44008118/
暘谷亭,3.05,13,174,豚骨,大分県杵築市南杵築1715-30,杵築市,https://tabelog.com/oita/A4403/A440301/44001510/
三久,3.54,297,7347,豚骨,大分県日田市亀山町1-1,日田市,https://tabelog.com/oita/A4404/A440403/44001476/
餃子飯店,3.50,210,5705,豚骨,大分県大分市金池町1-2-3いわおビル　１Ｆ,大分市,https://tabelog.com/oita/A4401/A440101/44000538/
中華そば 山猫,3.14,25,559,中華そば,大分県豊後高田市見目745-1,豊後高田市,https://tabelog.com/oita/A4403/A440302/44011902/
ラーメン隼,3.05,11,192,豚骨,大分県豊後大野市朝地町下野786,豊後大野市,https://tabelog.com/oita/A4401/A440103/44001520/
丹頂,3.43,70,2793,不明,大分県大分市高城新町9-1,大分市,https://tabelog.com/oita/A4401/A440101/44001422/
宝来軒 本店,3.52,162,3663,激辛,大分県中津市日ノ出町2,中津市,https://tabelog.com/oita/A4404/A440401/44000087/
宝来軒 産業道路店,3.10,26,198,豚骨,大分県中津市東浜985-1,中津市,https://tabelog.com/oita/A4404/A440401/44002044/
九州豚骨醤油 鯉から竜,3.24,52,481,豚骨,大分県別府市石垣東10-1-30,別府市,https://tabelog.com/oita/A4402/A440202/44012734/
壱丁目ラーメン 本店直営 大分光吉店,3.21,63,702,塩,大分県大分市大字光吉686Ｔａｓ１　２Ｆ,大分市,https://tabelog.com/oita/A4401/A440101/44004323/
麺屋 いち一,3.06,15,130,つけ麺,大分県宇佐市和気816-1,宇佐市,https://tabelog.com/oita/A4404/A440402/44011346/
太一商店 乙津店,3.13,107,1062,味噌,大分県大分市乙津1-1,大分市,https://tabelog.com/oita/A4401/A440101/44001038/
やなぎ家,3.09,26,438,豚骨,大分県別府市元町8-4,別府市,https://tabelog.com/oita/A4402/A440202/44001457/
辛麺屋 桝元 中津店,3.02,25,307,味噌,大分県中津市牛神1-1-9,中津市,https://tabelog.com/oita/A4404/A440401/44009308/
麺処 ひといき,3.18,35,441,豚骨,大分県大分市弁天2-6-19,大分市,https://tabelog.com/oita/A4401/A440101/44010132/
宝来軒 中央町店,3.25,53,694,豚骨,大分県中津市中央町1-4-25,中津市,https://tabelog.com/oita/A4404/A440401/44005288/
一骨家 宇佐店,3.18,25,227,豚骨,大分県宇佐市石田210-5,宇佐市,https://tabelog.com/oita/A4404/A440402/44012718/
一骨家,3.52,156,3157,豚骨,大分県大分市畑中8ビクトリーハイツ１F,大分市,https://tabelog.com/oita/A4401/A440101/44000824/
味噌乃家 別府ゆめタウン店,3.07,38,325,味噌,大分県別府市楠町382-7ゆめタウン別府店 1F,別府市,https://tabelog.com/oita/A4402/A440202/44007828/
まるきつけ麺,3.30,55,781,つけ麺,大分県大分市下判田2255-11,大分市,https://tabelog.com/oita/A4401/A440101/44006208/
きらく屋らーめん,3.06,10,56,豚骨,大分県別府市汐見町3-24,別府市,https://tabelog.com/oita/A4402/A440202/44001458/
らーめん五九○ 中津店,3.01,14,86,豚骨,大分県中津市大字蛎瀬860-1,中津市,https://tabelog.com/oita/A4404/A440401/44000999/
楽天らーめん堂,3.15,36,629,豚骨,大分県佐伯市中村東町5-23,佐伯市,https://tabelog.com/oita/A4401/A440105/44005157/
豚骨ラーメン 浅野本店,3.29,61,555,豚骨,大分県大分市府内町3-1-25,大分市,https://tabelog.com/oita/A4401/A440101/44012167/
八坂ラーメン,3.22,46,435,塩,大分県大分市都町1-1-12,大分市,https://tabelog.com/oita/A4401/A440101/44003157/
ラーメン五九○ 宇佐店,3.05,12,67,豚骨,大分県宇佐市四日市85-1,宇佐市,https://tabelog.com/oita/A4404/A440402/44008745/
Ｆａｎ Ｆａｒｅ,3.05,17,53,不明,大分県大分市高崎山下海岸大分マリーンパレス水族館　うみたまご内,大分市,https://tabelog.com/oita/A4401/A440101/44000920/
華川ラーメン,3.08,18,236,味噌,大分県大分市明野東2-1681-101,大分市,https://tabelog.com/oita/A4401/A440101/44001449/
味噌亭,3.27,82,363,味噌,大分県国東市安岐町下原13大分空港ターミナル 3F,国東市,https://tabelog.com/oita/A4403/A440302/44000017/
ラーメンいっちゃん 琴別府店,3.40,88,1648,豚骨,大分県別府市亀川浜田町12-58,別府市,https://tabelog.com/oita/A4402/A440202/44007579/
ラーメンショップ 山香店,3.25,50,618,味噌,大分県杵築市山香町向野2184-1,杵築市,https://tabelog.com/oita/A4404/A440402/44006521/
昭和ラーメン　風,3.07,27,208,豚骨,大分県別府市北浜1-5-3,別府市,https://tabelog.com/oita/A4402/A440202/44004588/
ラーメン龍の家 下郡バイパス店,3.07,72,812,豚骨,大分県大分市大字片島370-1,大分市,https://tabelog.com/oita/A4401/A440101/44008153/
大砲ラーメン 別府海岸通り店,3.13,153,2459,豚骨,大分県別府市浜町3-27,別府市,https://tabelog.com/oita/A4402/A440202/44000505/
まる重,3.39,68,861,油そば・まぜそば,大分県大分市田中町2-6-1,大分市,https://tabelog.com/oita/A4401/A440101/44011526/
らうめん 点法輪,3.12,30,284,醤油,大分県佐伯市鶴岡西町2-233,佐伯市,https://tabelog.com/oita/A4401/A440105/44007374/
紅虎餃子房 大分パークプレイス店,3.04,29,167,担々麺,大分県大分市公園通り西2-1パークプレイス大分２F,大分市,https://tabelog.com/oita/A4401/A440101/44000085/
香春,3.08,13,153,魚介,大分県佐伯市中の島1-16-22,佐伯市,https://tabelog.com/oita/A4401/A440105/44001171/
旨壱商店,3.12,19,195,豚骨,大分県大分市高松東3-1-9,大分市,https://tabelog.com/oita/A4401/A440101/44013133/
六盛 トキハ別府店,3.46,182,3281,塩,大分県別府市北浜2-9-1トキハ別府店 B1F,別府市,https://tabelog.com/oita/A4402/A440202/44011422/
味噌の達人,3.23,44,475,味噌,大分県大分市生石1-2-14,大分市,https://tabelog.com/oita/A4401/A440101/44010171/
想夫恋 友田店,3.04,25,360,不明,大分県日田市南友田110-5,日田市,https://tabelog.com/oita/A4404/A440403/44007017/
一蘭 大分弁天店,3.06,97,589,豚骨,大分県大分市弁天3-5-1,大分市,https://tabelog.com/oita/A4401/A440101/44007815/
麺蔵 さっぽろっこ 明野店,3.22,40,297,味噌,大分県大分市明野北5-1-30,大分市,https://tabelog.com/oita/A4401/A440101/44001450/
十五万石 政所店,3.05,12,63,豚骨,大分県大分市政所1-1-8,大分市,https://tabelog.com/oita/A4401/A440101/44009690/
ゴールデンヌードル サムライ 日田本店,3.08,13,196,豚骨,大分県日田市隈1-4-2,日田市,https://tabelog.com/oita/A4404/A440403/44011596/
中華そば まがり,3.18,19,280,中華そば,大分県大分市中央町2-6-9熊三,大分市,https://tabelog.com/oita/A4401/A440101/44012707/
らーめん五九◯ 高尾店,3.07,14,61,豚骨,大分県大分市大字横尾4092-9,大分市,https://tabelog.com/oita/A4401/A440101/44010160/
嫁の中華そば,3.09,22,1152,中華そば,大分県大分市中鶴崎1-1-30,大分市,https://tabelog.com/oita/A4401/A440101/44012626/
らーめん蓬,3.08,11,109,豚骨,大分県大分市中央町2-6-22サザンブライト 2F,大分市,https://tabelog.com/oita/A4401/A440101/44013908/
九州豚骨醤油　鯉から竜 宗方店,3.17,26,175,家系,大分県大分市上宗方543-4,大分市,https://tabelog.com/oita/A4401/A440101/44013379/
辛麺屋 輪 アミュプラザおおいた店,3.21,30,235,油そば・まぜそば,大分県大分市要町1-14アミュプラザおおいた 4F,大分市,https://tabelog.com/oita/A4401/A440101/44010956/
らーめん五九○ 戸次店,3.05,11,61,豚骨,大分県大分市中戸次4718-2,大分市,https://tabelog.com/oita/A4401/A440101/44009347/
福龍ラーメン,3.06,17,171,豚骨,大分県大分市乙津町2-16,大分市,https://tabelog.com/oita/A4401/A440101/44006002/
長浜ラーメン 西大分店,3.01,31,178,豚骨,大分県大分市生石2-2-37,大分市,https://tabelog.com/oita/A4401/A440101/44006947/
嬉屋,3.07,11,127,醤油,大分県宇佐市富山字野口111-1,宇佐市,https://tabelog.com/oita/A4404/A440402/44012649/
武庵花福,3.06,14,344,醤油,大分県中津市大字蛎瀬592-1,中津市,https://tabelog.com/oita/A4404/A440401/44000202/
金龍ラーメン,3.05,14,176,豚骨,大分県大分市中鶴崎2-1-27,大分市,https://tabelog.com/oita/A4401/A440101/44001436/
宝華ラーメン,3.21,46,708,魚介,大分県日田市豆田町2-7,日田市,https://tabelog.com/oita/A4404/A440403/44004300/
幸悦,3.09,24,367,豚骨,大分県臼杵市戸室あすとぴあ10-2,臼杵市,https://tabelog.com/oita/A4401/A440104/44002273/
泰勝軒,3.12,39,1219,豚骨,大分県日田市三本松1-14-18,日田市,https://tabelog.com/oita/A4404/A440403/44001479/
創作Dining KiRARA,3.07,11,275,鶏白湯,大分県大分市都町3-6-20マリオンビル 1F,大分市,https://tabelog.com/oita/A4401/A440101/44010536/
ラーメン ごくまる シーガーデンひじ店,3.07,12,62,豚骨,大分県速見郡日出町豊岡楠本883,速見郡日出町,https://tabelog.com/oita/A4403/A440301/44012879/
銀馬ラーメン,3.12,25,381,塩,大分県日田市三芳小渕町56,日田市,https://tabelog.com/oita/A4404/A440403/44001478/
ラーメン専門店 藤原来々軒,3.34,73,1464,豚骨,大分県佐伯市鶴岡町1-3-27,佐伯市,https://tabelog.com/oita/A4401/A440105/44001036/
長浜ラーメン　麺通人,3.13,34,413,豚骨,大分県大分市大洲浜1-9-6サンライズビル　1F,大分市,https://tabelog.com/oita/A4401/A440101/44000831/
鯛こく,3.07,12,92,塩,大分県別府市浜脇2-2-3,別府市,https://tabelog.com/oita/A4402/A440202/44013647/
麺とおつまみ みっちゃん315,3.08,10,40,中華そば,大分県大分市銀座会館3-4-31F,大分市,https://tabelog.com/oita/A4401/A440101/44013336/
元祖佐伯らーめん 上海 大分府内店,3.20,19,210,不明,大分県大分市府内町1-6-42LHASAビル 1F,大分市,https://tabelog.com/oita/A4401/A440101/44013595/
丸源ラーメン 大分萩原店,3.03,26,81,醤油,大分県大分市萩原3-11-39,大分市,https://tabelog.com/oita/A4401/A440101/44013325/
味噌乃家 大分マート店,3.15,101,1290,味噌,大分県大分市中央町1-4-22サクラヤビル 1F,大分市,https://tabelog.com/oita/A4401/A440101/44007545/
ラーメンとん太 宇佐店,3.01,11,52,味噌,大分県宇佐市大字山下1133-2,宇佐市,https://tabelog.com/oita/A4404/A440402/44009285/
なしかラーメン 米良バイパス店,3.04,10,76,味噌,大分県大分市下郡北3-26‐24,大分市,https://tabelog.com/oita/A4401/A440101/44005104/
大分慶珉,3.09,28,233,豚骨,大分県大分市小池原1545-3,大分市,https://tabelog.com/oita/A4401/A440101/44009097/
さっぽろっこ トキハわさだ店,3.05,10,21,味噌,大分県大分市玉沢755トキハわさだタウン,大分市,https://tabelog.com/oita/A4401/A440101/44003772/
元祖別府ら～めん,3.09,20,324,豚骨,大分県別府市北浜1-10,別府市,https://tabelog.com/oita/A4402/A440202/44010197/
味噌乃家 森町バイパス店,3.06,27,321,味噌,大分県大分市皆春1576-7,大分市,https://tabelog.com/oita/A4401/A440101/44008126/
来来亭 下郡店,3.03,33,151,醤油,大分県大分市下郡3153-3,大分市,https://tabelog.com/oita/A4401/A440101/44012564/
横浜家系ラーメン 福まし家,3.27,37,248,家系,大分県大分市中央町2-6-14,大分市,https://tabelog.com/oita/A4401/A440101/44013055/
白龍,3.30,73,1347,豚骨,大分県佐伯市駅前1-4-15,佐伯市,https://tabelog.com/oita/A4401/A440105/44001945/
ラーメン亭 都町店,3.25,50,564,豚骨,大分県大分市都町1-1,大分市,https://tabelog.com/oita/A4401/A440101/44000463/
ヌードル ファクトリー ライフ,3.45,123,2419,豚骨,大分県別府市元町5-8,別府市,https://tabelog.com/oita/A4402/A440202/44010850/
宝来軒 宇佐店,3.00,22,139,豚骨,大分県宇佐市大字法鏡寺267-4,宇佐市,https://tabelog.com/oita/A4404/A440402/44005482/
麺堂 香 高城店,3.32,103,1324,豚骨,大分県大分市日吉町1-22,大分市,https://tabelog.com/oita/A4401/A440101/44000605/
天龍,3.46,211,6193,豚骨,大分県日田市田島2-7-6,日田市,https://tabelog.com/oita/A4404/A440403/44003135/
金太郎,3.07,13,157,豚骨,大分県佐伯市葛港11-15,佐伯市,https://tabelog.com/oita/A4401/A440105/44001037/
博多ラーメン七萬,3.17,21,292,豚骨,大分県大分市城原2333-3,大分市,https://tabelog.com/oita/A4401/A440101/44010307/
ふらり,3.56,284,10229,醤油,大分県別府市北鉄輪6組,別府市,https://tabelog.com/oita/A4402/A440202/44005850/
馬力屋 古国府店,3.19,25,147,豚骨,大分県大分市古国府田中383-2,大分市,https://tabelog.com/oita/A4401/A440101/44012074/
ニュー宝来,3.09,23,336,豚骨,大分県別府市石垣東6-8-6,別府市,https://tabelog.com/oita/A4402/A440202/44001461/
らぁ麺 三湯,3.42,65,1128,鶏白湯,大分県別府市上人西4-2祝園ビル 1F,別府市,https://tabelog.com/oita/A4402/A440202/44012525/
一輝亭,3.31,73,1704,豚骨,大分県宇佐市住吉町1-32,宇佐市,https://tabelog.com/oita/A4404/A440402/44001512/
炎王ラーメン,3.38,121,1669,豚骨,大分県大分市都町3-2-4ニュー井上ビル　１Ｆ,大分市,https://tabelog.com/oita/A4401/A440101/44005912/
南国ラーメン,3.06,15,322,豚骨,大分県佐伯市内町6-2,佐伯市,https://tabelog.com/oita/A4401/A440105/44001500/
濃豚骨醤油ラーメン　馬力屋,3.23,73,840,豚骨,大分県大分市東明野1681-548,大分市,https://tabelog.com/oita/A4401/A440101/44004946/
らく亭,3.32,53,1639,豚骨,大分県日田市北友田1-1348-2,日田市,https://tabelog.com/oita/A4404/A440403/44004127/
金辛麺,3.05,16,223,不明,大分県大分市羽田97-1コミュニティー羽田3番館 1F,大分市,https://tabelog.com/oita/A4401/A440101/44007269/
ラーメン天国 本店,3.07,19,888,醤油,大分県由布市湯布院町川上3037-1,由布市,https://tabelog.com/oita/A4402/A440201/44003709/
夢を語れ 別府,3.32,61,1603,二郎系,大分県別府市石垣東10-2-46,別府市,https://tabelog.com/oita/A4402/A440202/44010485/
らぁ麺 まる月,3.35,59,1406,豚骨,大分県大分市金池南1-8-271F,大分市,https://tabelog.com/oita/A4401/A440101/44009830/
麺屋 つつみ 中央町店,3.08,17,179,塩,大分県大分市中央町3-4-16﻿,大分市,https://tabelog.com/oita/A4401/A440101/44011771/
ラーメン和 臼杵店,3.04,10,75,味噌,大分県臼杵市大字市浜1184-11,臼杵市,https://tabelog.com/oita/A4401/A440104/44007412/
手のべ冷麺専門店 六盛 松原本店,3.49,437,15886,豚骨,大分県別府市松原町7-17,別府市,https://tabelog.com/oita/A4402/A440202/44000203/
札幌ラーメンくまっ子,3.09,21,174,味噌,大分県大分市下郡北下郡1-6,大分市,https://tabelog.com/oita/A4401/A440101/44001415/
一骨家 大在店,3.09,15,134,豚骨,大分県大分市政所2114-1,大分市,https://tabelog.com/oita/A4401/A440101/44013656/
大龍ラーメン蔵龍 日田店,3.03,28,202,豚骨,大分県日田市元町13-4,日田市,https://tabelog.com/oita/A4404/A440403/44000020/
はぐるま,3.45,131,3213,つけ麺,大分県大分市中戸次4776-4,大分市,https://tabelog.com/oita/A4401/A440101/44005296/
中華そば 嫁のあと,3.32,39,567,中華そば,大分県大分市府内町2-6-22,大分市,https://tabelog.com/oita/A4401/A440101/44012688/
太一商店 別府やまなみ店,3.08,47,534,つけ麺,大分県別府市北中7-2,別府市,https://tabelog.com/oita/A4402/A440202/44009192/
冷麺 佳,3.34,54,1063,中華そば,大分県大分市大手町2-2-6,大分市,https://tabelog.com/oita/A4401/A440101/44012973/
玉八,3.22,40,866,豚骨,大分県別府市北浜1-9-4,別府市,https://tabelog.com/oita/A4402/A440202/44004506/
とんこつ道,3.14,35,201,豚骨,大分県大分市都町2-4-29,大分市,https://tabelog.com/oita/A4401/A440101/44001439/
菊の屋 本店,3.32,50,668,豚骨,大分県大分市津守42-2,大分市,https://tabelog.com/oita/A4401/A440101/44000349/
味噌乃家 フリーモールわさだ店,3.07,34,195,味噌,大分県大分市木上2059,大分市,https://tabelog.com/oita/A4401/A440101/44008658/
味の珍さん,3.26,37,1195,塩,大分県日田市三本松1-7-21,日田市,https://tabelog.com/oita/A4404/A440403/44003776/
らーめんBANRI 臼杵店,3.04,10,69,味噌,大分県臼杵市野田332,臼杵市,https://tabelog.com/oita/A4401/A440104/44001506/
ラーメン浅野2号,3.35,68,1094,油そば・まぜそば,大分県大分市古国府519-2,大分市,https://tabelog.com/oita/A4401/A440101/44006407/
ラーメン ごくまる 大分大在本店,3.06,13,59,豚骨,大分県大分市角子南1-133,大分市,https://tabelog.com/oita/A4401/A440101/44010527/
十五万石 宮崎店,3.05,16,113,味噌,大分県大分市宮崎1397-4,大分市,https://tabelog.com/oita/A4401/A440101/44006564/
豊後ラーメン 二刀竜,3.07,24,188,豚骨,大分県速見郡日出町字内田1629-4,速見郡日出町,https://tabelog.com/oita/A4403/A440301/44009840/
一矢,3.07,22,424,豚骨,大分県大分市都町3-6-6遠藤ビル 1F,大分市,https://tabelog.com/oita/A4401/A440101/44007546/
天下一品 光吉インター店,3.04,26,93,塩,大分県大分市大字宮崎696-1コムボックス大分 1F,大分市,https://tabelog.com/oita/A4401/A440101/44012121/
ピリ辛亭,3.26,66,878,激辛,大分県大分市都町2-2-15,大分市,https://tabelog.com/oita/A4401/A440101/44001438/
小倉一色亭,3.08,29,452,豚骨,大分県豊後高田市高田2859-1,豊後高田市,https://tabelog.com/oita/A4403/A440301/44000752/
筑豊ラーメン 山小屋 安岐店,3.01,10,97,豚骨,大分県国東市安岐町塩屋291-15,国東市,https://tabelog.com/oita/A4403/A440302/44006011/
よーちゃんラーメン,3.08,15,179,豚骨,大分県宇佐市大字南宇佐2127-3,宇佐市,https://tabelog.com/oita/A4404/A440402/44011668/
ふくやラーメン工房 総本店,3.41,119,1684,豚骨,大分県別府市京町8-16,別府市,https://tabelog.com/oita/A4402/A440202/44004066/
大黒,3.30,58,769,豚骨,大分県大分市上宗方650-1,大分市,https://tabelog.com/oita/A4401/A440101/44000479/
丸優ラーメン 高城店,3.22,50,661,豚骨,大分県大分市高城南町11-5,大分市,https://tabelog.com/oita/A4401/A440101/44004183/
みその屋 中津店,3.09,24,233,味噌,大分県中津市中央町1-35-8,中津市,https://tabelog.com/oita/A4404/A440401/44011908/
麺屋こころ,3.13,24,295,豚骨,大分県中津市是則741-1,中津市,https://tabelog.com/oita/A4404/A440401/44010854/
とらや,3.12,36,621,豚骨,大分県別府市千代町12-1,別府市,https://tabelog.com/oita/A4402/A440202/44003942/
長浜ラーメン 別府店,3.21,50,456,豚骨,大分県別府市汐見町8-9,別府市,https://tabelog.com/oita/A4402/A440202/44005843/
宝来軒 戸次店,3.06,14,169,激辛,大分県大分市大字中戸次4539-1,大分市,https://tabelog.com/oita/A4401/A440101/44007766/
桝元 大分別府店,3.25,39,459,醤油,大分県別府市大字鶴見字砂原109-7,別府市,https://tabelog.com/oita/A4402/A440202/44010139/
胡月,3.49,753,20003,不明,大分県別府市石垣東8-1-26,別府市,https://tabelog.com/oita/A4402/A440202/44000594/
宝来軒,3.09,24,468,豚骨,大分県大分市中戸次1261-68,大分市,https://tabelog.com/oita/A4401/A440101/44001435/
福寿宴中国料理店,3.14,11,216,塩,大分県中津市上宮永955-22,中津市,https://tabelog.com/oita/A4404/A440401/44002043/
らーめん百八,3.14,16,145,塩,大分県中津市大貞字今井野322-18,中津市,https://tabelog.com/oita/A4404/A440401/44011697/
丸優ラーメン 元町本店,3.45,145,3473,豚骨,大分県大分市元町3-3,大分市,https://tabelog.com/oita/A4401/A440101/44001419/
清陽軒 本店,3.17,30,578,豚骨,大分県大分市大手町1-1-6,大分市,https://tabelog.com/oita/A4401/A440101/44000212/
ラーメン五九〇 日出店,3.08,26,130,豚骨,大分県速見郡日出町1850-1,速見郡日出町,https://tabelog.com/oita/A4403/A440301/44000092/
大分ラーメン 銀とら,3.21,36,371,豚骨,大分県大分市光吉929-1,大分市,https://tabelog.com/oita/A4401/A440101/44011605/
博多ラーメン ふかださん,3.20,26,251,豚骨,大分県大分市大手町2-2-11那賀ビル 1F,大分市,https://tabelog.com/oita/A4401/A440101/44011696/
大和屋本舗,3.06,26,189,豚骨,大分県大分市都町2-5-16都レインボー会館 1Ｆ,大分市,https://tabelog.com/oita/A4401/A440101/44007355/
美絆ラーメン,3.06,21,241,豚骨,大分県佐伯市稲垣436-1,佐伯市,https://tabelog.com/oita/A4401/A440105/44001042/
三男坊 池田店,3.09,12,133,豚骨,大分県佐伯市大字池田2182-3,佐伯市,https://tabelog.com/oita/A4401/A440105/44011234/
風び 大分パークプレイス店,3.06,13,107,豚骨,大分県大分市公園通り西2-1パークプレイス 2F,大分市,https://tabelog.com/oita/A4401/A440101/44007235/
来来,3.02,4,36,豚骨,大分県津久見市中央町16-13,津久見市,https://tabelog.com/oita/A4401/A440104/44001507/
佐伯ラーメン傅々 大分臼杵店,3.01,1,16,つけ麺,大分県臼杵市野田324,臼杵市,https://tabelog.com/oita/A4401/A440104/44014119/
九四フェリーニュー豊予2売店,3.04,3,13,不明,大分県大分市佐賀関750,大分市,https://tabelog.com/oita/A4401/A440101/44008312/
麺処 錦,3.03,9,69,豚骨,大分県国東市国東町小原1902-3,国東市,https://tabelog.com/oita/A4403/A440302/44011774/
キッチンつかはら,3.07,9,92,鶏白湯,大分県大分市豊町2-7-3,大分市,https://tabelog.com/oita/A4401/A440101/44002452/
和,-,-,13,不明,大分県佐伯市蒲江蒲江浦5103-18,佐伯市,https://tabelog.com/oita/A4401/A440105/44008432/
佐伯ラーメン 風来坊,3.05,6,83,豚骨,大分県大分市萩原4-227-7タワーボール 1F,大分市,https://tabelog.com/oita/A4401/A440101/44012717/
あすかうどん 赤松峠店,3.02,4,46,担々麺,大分県速見郡日出町藤原6589-1,速見郡日出町,https://tabelog.com/oita/A4403/A440301/44008341/
十五万石 南立石店,3.02,7,43,豚骨,大分県別府市南立石八幡町7,別府市,https://tabelog.com/oita/A4402/A440202/44004636/
夢太麺 満祭,3.04,8,141,二郎系,大分県中津市大字宮夫239-1,中津市,https://tabelog.com/oita/A4404/A440401/44013113/
じゃらじゃら堂,3.02,6,573,不明,大分県中津市島田本町45,中津市,https://tabelog.com/oita/A4404/A440401/44008175/
豚骨ラーメン 文や,3.00,1,8,不明,大分県大分市牧2-17-5牧ロイヤルプラザ 102,大分市,https://tabelog.com/oita/A4401/A440101/44014307/
八十八家,-,-,2,不明,大分県佐伯市春日町4-10V-MAX EXE内,佐伯市,https://tabelog.com/oita/A4401/A440105/44013878/
白蘭,-,-,8,不明,大分県由布市挾間町向原309-1,由布市,https://tabelog.com/oita/A4402/A440201/44007154/
ラーメン ごくまる ゆふいんホテル秀峰館店,3.03,5,32,豚骨,大分県由布市湯布院町川上2415-2,由布市,https://tabelog.com/oita/A4402/A440201/44013754/
麺屋さん,-,3,16,豚骨,大分県大分市都町3-2-37,大分市,https://tabelog.com/oita/A4401/A440101/44009655/
しんちゃん,-,-,3,不明,大分県臼杵市下ノ江,臼杵市,https://tabelog.com/oita/A4401/A440104/44001505/
九四オレンジフェリー おれんじ九州内売店,3.06,8,35,味噌,大分県臼杵市板知屋1257-7臼杵港,臼杵市,https://tabelog.com/oita/A4401/A440104/44008966/
九州らうめん,3.03,6,76,豚骨,大分県豊後大野市三重町赤嶺1042,豊後大野市,https://tabelog.com/oita/A4401/A440103/44001517/
HAMELN,3.01,1,5,担々麺,大分県中津市豊田町11-10久保ビル 1F,中津市,https://tabelog.com/oita/A4404/A440401/44010518/
南国飯店 十五万石 南大分店,3.03,6,42,豚骨,大分県大分市三ケ田町2-3-5,大分市,https://tabelog.com/oita/A4401/A440101/44009290/
三国ラーメン 本店,3.00,1,25,豚骨,大分県佐伯市宇目塩見1955,佐伯市,https://tabelog.com/oita/A4401/A440105/44008434/
宮夫食堂,-,-,2,不明,大分県中津市宮夫218-1,中津市,https://tabelog.com/oita/A4404/A440401/44011511/
めん六や 大分海原店,3.00,1,9,味噌,大分県大分市大字海原856-1,大分市,https://tabelog.com/oita/A4401/A440101/44010068/
別府辛麺 大翔,-,2,13,不明,大分県別府市浜脇1-8-5,別府市,https://tabelog.com/oita/A4402/A440202/44014291/
くるみ食堂,-,-,7,不明,大分県竹田市直入町長湯75-2171,竹田市,https://tabelog.com/oita/A4401/A440102/44007900/
ラーメン龍源,3.02,2,17,担々麺,大分県大分市猪野21-38,大分市,https://tabelog.com/oita/A4401/A440101/44014264/
元祖辛麺屋桝元 大分たのうらら店,3.03,5,26,不明,大分県大分市神崎字梶原1228-9道の駅たのうらら内 2F,大分市,https://tabelog.com/oita/A4401/A440101/44014017/
ラーメン ひまわり,-,1,41,不明,大分県大分市大字畑中780-1エーワン南大分店 駐車場内,大分市,https://tabelog.com/oita/A4401/A440101/44011659/
幸来軒,3.03,5,123,不明,大分県日田市上野31-1,日田市,https://tabelog.com/oita/A4404/A440403/44001482/
めん六や 大分中津店,-,-,12,不明,大分県中津市沖代町1-670,中津市,https://tabelog.com/oita/A4404/A440401/44010069/
十五万石 亀川店,3.02,3,42,豚骨,大分県別府市亀川浜田町1-10,別府市,https://tabelog.com/oita/A4402/A440202/44007115/
浦の麺屋ごとう,3.00,4,65,豚骨,大分県佐伯市蒲江大字蒲江3546,佐伯市,https://tabelog.com/oita/A4401/A440101/44008431/
上海ラーメン トキハインダストリー佐伯店,3.07,9,116,豚骨,大分県佐伯市池田2064,佐伯市,https://tabelog.com/oita/A4401/A440105/44012323/
おおいた地鶏真鯛ラーメン こうの鶏,3.02,4,93,白湯,大分県大分市大字皆春397-21,大分市,https://tabelog.com/oita/A4401/A440101/44011431/
博多ラーメン 七萬 津守店,3.02,6,49,豚骨,大分県大分市津守富岡461-3,大分市,https://tabelog.com/oita/A4401/A440101/44014086/
台湾料理 吉源 賀来店,3.07,9,61,豚骨,大分県大分市賀来北2-9-10,大分市,https://tabelog.com/oita/A4401/A440101/44012283/
十五万石 荘園店,3.01,1,22,醤油,大分県別府市鶴見4166-1,別府市,https://tabelog.com/oita/A4402/A440202/44009677/
上浦町活性化センターしおさいの里,3.06,9,90,塩,大分県佐伯市津井1460-12,佐伯市,https://tabelog.com/oita/A4401/A440105/44006028/
自己流ラーメン 初代 八戒,3.06,7,72,豚骨,大分県中津市一ツ松162-1ジュネス一ツ松 1F,中津市,https://tabelog.com/oita/A4404/A440401/44013531/
辛麺屋 辛々,3.06,9,63,不明,大分県大分市都町3-5-34,大分市,https://tabelog.com/oita/A4401/A440101/44012710/
十五万石 王子店,3.05,8,46,豚骨,大分県大分市王子西町1-1,大分市,https://tabelog.com/oita/A4401/A440101/44010993/
啜り処 粋元,3.02,6,60,不明,大分県佐伯市向島2-11-33佐伯セントラルホテル 1F,佐伯市,https://tabelog.com/oita/A4401/A440105/44013617/
一ちゃんラーメン,3.00,3,28,塩,大分県大分市城崎町1-2-21,大分市,https://tabelog.com/oita/A4401/A440101/44012104/
ラーメン おいでやす,3.06,6,45,味噌,大分県別府市石垣東6-6-3,別府市,https://tabelog.com/oita/A4402/A440202/44014032/
ラーメン亭 堀川店,3.02,6,51,豚骨,大分県大分市都町3-5-18,大分市,https://tabelog.com/oita/A4401/A440101/44003388/
全麺類に告ぐ 天を穿つ 湯布院本店,-,3,15,つけ麺,大分県由布市湯布院町川上3050-23日田屋ビル 2F,由布市,https://tabelog.com/oita/A4402/A440201/44013524/
めん六や 大分日田店,-,-,9,不明,大分県日田市大字友田字森ノ木747-1,日田市,https://tabelog.com/oita/A4404/A440403/44010070/
十五万石ラーメン,3.03,7,56,不明,大分県竹田市会々1861-9,竹田市,https://tabelog.com/oita/A4401/A440102/44001508/
キッチン和,3.02,1,6,不明,大分県別府市北石垣82別府大学,別府市,https://tabelog.com/oita/A4402/A440202/44009870/
滝むら,-,1,10,不明,大分県豊後大野市緒方町原尻933-1,豊後大野市,https://tabelog.com/oita/A4401/A440103/44002760/
一晃,3.02,2,26,激辛,大分県佐伯市中の島1-10-41,佐伯市,https://tabelog.com/oita/A4401/A440105/44001493/
ラーメン食堂 太士,3.01,2,13,豚骨,大分県日田市三本松1-12-8,日田市,https://tabelog.com/oita/A4404/A440403/44011612/
ラーメン 華,3.01,2,13,豚骨,大分県豊後大野市三重町宮野2791-1道の駅みえ,豊後大野市,https://tabelog.com/oita/A4401/A440103/44013951/
佐伯らーめん 皆心,3.04,6,95,つけ麺,大分県佐伯市中村東町2-19,佐伯市,https://tabelog.com/oita/A4401/A440105/44011102/
ラーメン武 別府店,3.04,5,77,醤油,大分県別府市上人西3-1,別府市,https://tabelog.com/oita/A4402/A440202/44014184/
ヌードルアンドバー エス,-,-,2,不明,大分県日田市中本町803-5,日田市,https://tabelog.com/oita/A4404/A440403/44011395/
カタリヨ,3.01,3,95,不明,大分県玖珠郡玖珠町帆足371,玖珠郡玖珠町,https://tabelog.com/oita/A4404/A440404/44004862/
ラーメンとん太 戸次店,3.01,5,22,味噌,大分県大分市大字中戸次4738-2,大分市,https://tabelog.com/oita/A4401/A440101/44013582/
レストラン菅原,3.06,5,102,豚骨,大分県大分市大字里1418-1,大分市,https://tabelog.com/oita/A4401/A440101/44007440/
麺屋 一角,3.05,9,301,豚骨,大分県日田市元町18-11,日田市,https://tabelog.com/oita/A4404/A440403/44010520/
グラバー亭,3.00,2,13,不明,大分県佐伯市駅前1-1-1,佐伯市,https://tabelog.com/oita/A4401/A440105/44001489/
三宝リユウ,3.01,9,82,豚骨,大分県大分市都町1-3-10,大分市,https://tabelog.com/oita/A4401/A440101/44001437/
博多麺王 日田店,3.01,3,12,豚骨,大分県日田市吹上町8-15,日田市,https://tabelog.com/oita/A4404/A440403/44013619/
十五万石,-,-,5,不明,大分県佐伯市鶴望坂山2550-1,佐伯市,https://tabelog.com/oita/A4401/A440105/44001498/
ラーメンなにわっこ,3.03,7,48,豚骨,大分県豊後高田市界327-1,豊後高田市,https://tabelog.com/oita/A4404/A440402/44001509/
居酒屋　三男坊,3.01,3,52,豚骨,大分県佐伯市蒲江大字西野浦356-1,佐伯市,https://tabelog.com/oita/A4401/A440105/44006858/
味千ラーメン くす店,3.00,7,36,不明,大分県玖珠郡玖珠町大隈243-1,玖珠郡玖珠町,https://tabelog.com/oita/A4404/A440404/44001525/
YOTSUBA,3.06,7,64,豚骨,大分県大分市田中町3-3-54エクセル田中町 1F,大分市,https://tabelog.com/oita/A4401/A440101/44013311/
ごはんどき 大分古国府店,3.00,1,20,不明,大分県大分市大字古国府字上新田1279-1,大分市,https://tabelog.com/oita/A4401/A440101/44007246/
太陽軒,3.06,9,121,豚骨,大分県佐伯市駅前1-6-21,佐伯市,https://tabelog.com/oita/A4401/A440105/44001490/
めん太郎 三光店,-,-,5,不明,大分県中津市三光佐知字栗ヶ島1021-2,中津市,https://tabelog.com/oita/A4404/A440401/44010072/
味平ラーメン　嵐,3.03,7,47,味噌,大分県大分市東浜1-13-3,大分市,https://tabelog.com/oita/A4401/A440101/44004498/
ビーバーム,3.06,8,26,不明,大分県宇佐市安心院町南畑2-1775-1アフリカンサファリ,宇佐市,https://tabelog.com/oita/A4402/A440202/44007149/
ラーメン 五九○ 三重町店,3.00,3,13,豚骨,大分県豊後大野市三重町小坂4109-16,豊後大野市,https://tabelog.com/oita/A4401/A440103/44013514/
久留米ラーメン 青龍軒,3.06,9,79,豚骨,大分県豊後高田市西真玉2336-1,豊後高田市,https://tabelog.com/oita/A4404/A440402/44011211/
やきとり番長,-,-,7,不明,大分県竹田市竹田町113,竹田市,https://tabelog.com/oita/A4401/A440102/44003834/
十五万石 挾間店,3.04,8,44,豚骨,大分県由布市挾間町挾間486-5,由布市,https://tabelog.com/oita/A4402/A440201/44008441/
めん六や 大分宇佐店,-,1,8,不明,大分県宇佐市大字芝原229-1,宇佐市,https://tabelog.com/oita/A4404/A440402/44010073/
三国ラーメン,-,1,1,不明,大分県竹田市玉来918,竹田市,https://tabelog.com/oita/A4401/A440102/44013953/
ラーメンごくまる わさだ店,3.00,1,10,豚骨,大分県大分市玉沢755-1わさだタウン2街区2F/南通り3丁目,大分市,https://tabelog.com/oita/A4401/A440101/44014247/
美食八将,-,-,1,不明,大分県日田市三本松1-12-8,日田市,https://tabelog.com/oita/A4404/A440403/44010632/
麺屋 つつみ 日本文理大前店,3.04,7,48,不明,大分県大分市政所2102-1,大分市,https://tabelog.com/oita/A4401/A440101/44012223/
スリーセブン,3.01,4,39,不明,大分県大分市中鶴崎2-2-5,大分市,https://tabelog.com/oita/A4401/A440101/44009866/
光栄軒,3.06,7,1066,塩,大分県大分市角子原1005,大分市,https://tabelog.com/oita/A4401/A440101/44010125/
七福拉麺,3.01,3,63,不明,大分県豊後大野市三重町市場537,豊後大野市,https://tabelog.com/oita/A4401/A440103/44006104/
ごはんどき 中津店,-,1,18,不明,大分県中津市大字東浜897,中津市,https://tabelog.com/oita/A4404/A440401/44007244/
ぎゅう辛ラーメン,-,-,4,不明,大分県大分市皆春300ファミリーマート皆春店駐車場,大分市,https://tabelog.com/oita/A4401/A440101/44006848/
ラーメン とん太,3.01,3,18,味噌,大分県玖珠郡玖珠町塚脇326-11,玖珠郡玖珠町,https://tabelog.com/oita/A4404/A440404/44013012/
コリーヌ,-,1,27,不明,大分県佐伯市直川上直見3757直川カントリー倶楽部,佐伯市,https://tabelog.com/oita/A4401/A440105/44002687/
さんちゃんラーメン,3.00,2,14,不明,大分県豊後大野市大野町田中240-1,豊後大野市,https://tabelog.com/oita/A4401/A440103/44009440/
中華麺食堂 縁,3.05,3,25,塩,大分県杵築市杵築665-546,杵築市,https://tabelog.com/oita/A4403/A440301/44013499/
もぐもぐ食堂,-,1,13,不明,大分県宇佐市四日市1462-1グルメ横丁,宇佐市,https://tabelog.com/oita/A4404/A440402/44011348/
慶馬屋,-,1,18,不明,大分県玖珠郡玖珠町帆足247,玖珠郡玖珠町,https://tabelog.com/oita/A4404/A440404/44009808/
大分辛麺 くうかい,3.04,9,59,醤油,大分県宇佐市大字葛原455-1,宇佐市,https://tabelog.com/oita/A4404/A440402/44013058/
ひばり ザ・ラーメンショップ,3.07,7,109,醤油,大分県大分市府内町2-4-8若竹ビル 1F,大分市,https://tabelog.com/oita/A4401/A440101/44013454/
なかやしき,3.05,7,56,不明,大分県玖珠郡玖珠町帆足330-13,玖珠郡玖珠町,https://tabelog.com/oita/A4404/A440404/44011122/
十五万石ラーメンひろひろ,3.06,9,53,豚骨,大分県大分市日吉町16-23,大分市,https://tabelog.com/oita/A4401/A440101/44008920/
博多ラーメン うまか亭,3.01,6,32,不明,大分県玖珠郡玖珠町大字山田192-2,玖珠郡玖珠町,https://tabelog.com/oita/A4404/A440404/44007481/
純とんこつ のぶさんラーメン,-,-,1,不明,大分県国東市国東町鶴川1365-1KITOWA,国東市,https://tabelog.com/oita/A4403/A440302/44014300/
らぁめん家3,3.01,3,17,醤油,大分県大分市大字皆春397-21,大分市,https://tabelog.com/oita/A4401/A440101/44011734/
一番亭ラーメン,3.00,4,17,不明,大分県玖珠郡玖珠町塚脇180-9,玖珠郡玖珠町,https://tabelog.com/oita/A4404/A440404/44001526/
ごはんどき 高城店,3.00,3,20,味噌,大分県大分市高城西町32-58,大分市,https://tabelog.com/oita/A4401/A440101/44007245/
ラーメン香月,3.01,4,53,不明,大分県佐伯市新女島6836,佐伯市,https://tabelog.com/oita/A4401/A440105/44010574/
台湾料理 吉源 敷戸店,3.06,9,40,味噌,大分県大分市鴛野1011,大分市,https://tabelog.com/oita/A4401/A440101/44013093/
SALMON NOODLE 3.0おおいた,3.05,5,98,不明,大分県大分市末広町2-2-2,大分市,https://tabelog.com/oita/A4401/A440101/44014230/
鶏の虜,3.05,7,78,鶏白湯,大分県大分市畑中3-3-55,大分市,https://tabelog.com/oita/A4401/A440101/44013837/
ラーメン ごくまる 日田店,3.03,7,35,豚骨,大分県日田市南友田814,日田市,https://tabelog.com/oita/A4404/A440403/44012810/
十五万石 宗方店,3.02,3,27,豚骨,大分県大分市上宗方555-1,大分市,https://tabelog.com/oita/A4401/A440101/44008157/
えびす,3.00,3,8,豚骨,大分県大分市都町2-4-14園田ビル 1F,大分市,https://tabelog.com/oita/A4401/A440101/44014313/
麺屋さいこう,3.02,5,43,不明,大分県豊後高田市呉崎2691-1,豊後高田市,https://tabelog.com/oita/A4404/A440402/44012799/
らーめん傳々 津久見店,3.00,2,8,不明,大分県津久見市中央町20-4,津久見市,https://tabelog.com/oita/A4401/A440104/44013419/
琴食堂,3.05,6,101,豚骨,大分県佐伯市直川仁田原125番地,佐伯市,https://tabelog.com/oita/A4401/A440105/44012729/
ら～めん Risa うまいもん通り店,3.00,1,16,二郎系,大分県佐伯市城東町4,佐伯市,https://tabelog.com/oita/A4401/A440105/44011475/
アルク,3.00,2,36,不明,大分県竹田市久住町大字栢木574-38,竹田市,https://tabelog.com/oita/A4401/A440102/44011633/
七味ラーメン 船小路店,3.01,2,16,不明,大分県別府市船小路町3-22,別府市,https://tabelog.com/oita/A4402/A440202/44014013/
ヌードル,3.04,8,95,豚骨,大分県大分市賀来西1-8-3,大分市,https://tabelog.com/oita/A4401/A440101/44010753/
辛麺屋枡元 大分判田店,3.04,4,36,不明,大分県大分市大字下判田字用作2249-1,大分市,https://tabelog.com/oita/A4401/A440101/44013972/
番番亭,-,2,27,不明,大分県大分市勢家町3-2-12,大分市,https://tabelog.com/oita/A4401/A440101/44007931/
大珉,3.05,6,71,味噌,大分県大分市豊海4-1-1,大分市,https://tabelog.com/oita/A4401/A440101/44001448/
万来,3.01,2,20,豚骨,大分県杵築市杵築北浜665-399,杵築市,https://tabelog.com/oita/A4403/A440301/44013042/
十五万石 鶴崎店,3.03,4,20,味噌,大分県大分市中鶴崎2-5-6かねしんビル 1F,大分市,https://tabelog.com/oita/A4401/A440101/44009865/
長浜らーめんとん平 中津店,3.07,9,61,豚骨,大分県中津市大字島田217-3,中津市,https://tabelog.com/oita/A4404/A440401/44014057/
峰富,3.03,7,46,不明,大分県大分市佐賀関,大分市,https://tabelog.com/oita/A4401/A440101/44001424/
大盛食堂,3.07,8,117,不明,大分県大分市中津留2-1-1,大分市,https://tabelog.com/oita/A4401/A440101/44001085/
ラーメン・カフェ 明星,3.03,7,83,醤油,大分県国東市国見町竹田津3580-5,国東市,https://tabelog.com/oita/A4403/A440302/44009066/
札幌らぁめん こぐま,3.02,5,74,味噌,大分県佐伯市大字青山574,佐伯市,https://tabelog.com/oita/A4401/A440105/44011713/
三国らーめん,3.02,3,28,豚骨,大分県豊後大野市三重町赤嶺1983,豊後大野市,https://tabelog.com/oita/A4401/A440103/44013467/
皆来軒,3.01,5,79,豚骨,大分県佐伯市長島町2-4-24,佐伯市,https://tabelog.com/oita/A4401/A440105/44001495/
